common.name,scientific.name,image.lookup.text
Triceratops,Triceratops,Triceratops
Velociraptor,Velociraptor,Velociraptor
Stegosaurus,Stegosaurus,Stegosaurus
Spinosaurus,Spinosaurus,Spinosaurus
Archaeopteryx,Archaeopteryx,Archaeopteryx
Brachiosaurus,Brachiosaurus,Brachiosaurus
Allosaurus,Allosaurus,Allosaurus
Apatosaurus,Apatosaurus,Apatosaurus
Dilophosaurus,Dilophosaurus,Dilophosaurus
